window_size,precision,recall,f1_score,running_time
1000,0.8574485930735931,0.979659090909091,0.897899865286229,22.849047027999404
