window_size,precision,recall,f1_score,running_time
1000,0.8595337301587301,0.9806818181818182,0.8998500489409581,22.70363846500004
