window_size,precision,recall,f1_score,running_time
1000,0.8623638167388167,0.9777272727272728,0.9018793706293706,23.080362908000097
