window_size,precision,recall,f1_score,running_time
1000,0.8734063852813854,0.9769318181818182,0.9058499833499833,22.910496537000654
