window_size,precision,recall,f1_score,running_time
1000,0.8637256493506493,0.974659090909091,0.9005955029818666,23.752612959000544
