window_size,precision,recall,f1_score,running_time
1000,0.8710524891774892,0.97625,0.9057197978788888,24.591909890999887
