window_size,precision,recall,f1_score,running_time
1000,0.8803030303030304,0.9752272727272728,0.9114690864690865,27.573664931000167
