window_size,precision,recall,f1_score,running_time
1000,0.8742721861471862,0.9782954545454546,0.909718539036721,23.54272316800052
