window_size,precision,recall,f1_score,running_time
1000,0.8693731962481962,0.9786363636363636,0.9058937653255836,23.180198657999426
