window_size,precision,recall,f1_score,running_time
1000,0.8745923520923521,0.980568181818182,0.9100286960514234,24.533084317999965
