window_size,precision,recall,f1_score,running_time
1000,0.871446608946609,0.977159090909091,0.9075303610530884,22.158529041000293
