window_size,precision,recall,f1_score,running_time
1000,0.8767045454545455,0.9761363636363637,0.9102650127650127,24.19057075099954
