window_size,precision,recall,f1_score,running_time
1000,0.8691973304473304,0.9780681818181819,0.9063869211596485,25.101698096999826
