window_size,precision,recall,f1_score,running_time
1000,0.8615818903318904,0.9795454545454545,0.9012567483022028,24.860585280001033
