window_size,precision,recall,f1_score,running_time
1000,0.869629329004329,0.9757954545454546,0.9049901108992019,24.314745383999252
