window_size,precision,recall,f1_score,running_time
1000,0.8757981601731601,0.9785227272727274,0.9100856845175027,24.396704746000978
