window_size,precision,recall,f1_score,running_time
1000,0.8698295454545455,0.9762500000000002,0.9056092770865498,24.660134095000103
