window_size,precision,recall,f1_score,running_time
1000,0.8790737734487735,0.974318181818182,0.9094753604980877,25.38918994100095
