window_size,precision,recall,f1_score,running_time
1000,0.8723575036075035,0.9777272727272728,0.908424567856386,25.271317279999494
