window_size,precision,recall,f1_score,running_time
1000,0.8731628787878787,0.9768181818181817,0.908356883015974,23.931739591000223
