window_size,precision,recall,f1_score,running_time
1000,0.8636958874458873,0.9773863636363637,0.9016194663921937,23.976445665999563
