window_size,precision,recall,f1_score,running_time
1000,0.8908630952380953,0.9710227272727273,0.91628058809877,25.654978208000102
